{"cameraMode":{"drawMode":0,"name":"Shaded","section":"Shading Mode"},"sceneLighting":true,"audioPlay":false,"sceneViewState":{"showFog":true,"showMaterialUpdate":false,"showSkybox":true,"showFlares":true,"showImageEffects":true,"showParticleSystems":true},"in2DMode":false,"pivot":{"x":43.947425842285159,"y":9.082206726074219,"z":8.885719299316407},"rotation":{"x":-0.04631128907203674,"y":0.8790673613548279,"z":-0.4664355218410492,"w":-0.08768551051616669},"size":27.36237335205078,"orthographic":false}