{"cameraMode":{"drawMode":0,"name":"Shaded","section":"Shading Mode"},"sceneLighting":false,"audioPlay":false,"sceneViewState":{"showFog":true,"showMaterialUpdate":false,"showSkybox":false,"showFlares":true,"showImageEffects":true,"showParticleSystems":true},"in2DMode":false,"pivot":{"x":2.502405881881714,"y":1.0032362937927247,"z":-0.11849602311849594},"rotation":{"x":0.08788883686065674,"y":0.7794932126998901,"z":-0.1119612529873848,"w":0.6101678609848023},"size":6.302994728088379,"orthographic":false}