{"cameraMode":{"drawMode":0,"name":"Shaded","section":"Shading Mode"},"sceneLighting":true,"audioPlay":false,"sceneViewState":{"showFog":true,"showMaterialUpdate":false,"showSkybox":true,"showFlares":true,"showImageEffects":true,"showParticleSystems":true},"in2DMode":false,"pivot":{"x":-79.86151123046875,"y":-109.3550796508789,"z":98.80594635009766},"rotation":{"x":-0.33297455310821535,"y":0.36832982301712038,"z":-0.14313986897468568,"w":-0.8563516139984131},"size":198.34951782226563,"orthographic":false}